Text,Date
Climate change is getting worse every year,2020-01-05
People still deny climate science,2020-01-12
Why are governments ignoring this?,2020-01-19
This is alarming data from NASA,2020-01-26
Climate change is getting worse every year,2020-02-02
People still deny climate science,2020-02-09
We need immediate climate action,2020-02-16
We need immediate climate action,2020-02-23
We need immediate climate action,2020-03-01
This is alarming data from NASA,2020-03-08
We need immediate climate action,2020-03-15
This is alarming data from NASA,2020-03-22
We must reduce emissions now,2020-03-29
We need immediate climate action,2020-04-05
This data proves climate change is real,2020-04-12
This data proves climate change is real,2020-04-19
People still deny climate science,2020-04-26
Great work by NASA explaining climate facts,2020-05-03
This data proves climate change is real,2020-05-10
Great work by NASA explaining climate facts,2020-05-17
This data proves climate change is real,2020-05-24
This is alarming data from NASA,2020-05-31
This data proves climate change is real,2020-06-07
We must reduce emissions now,2020-06-14
Great work by NASA explaining climate facts,2020-06-21
NASA data clearly shows rising emissions,2020-06-28
We must reduce emissions now,2020-07-05
Great work by NASA explaining climate facts,2020-07-12
Why are governments ignoring this?,2020-07-19
Emission levels are scary,2020-07-26
People still deny climate science,2020-08-02
This is alarming data from NASA,2020-08-09
Why are governments ignoring this?,2020-08-16
This is alarming data from NASA,2020-08-23
This data proves climate change is real,2020-08-30
Great work by NASA explaining climate facts,2020-09-06
Why are governments ignoring this?,2020-09-13
This is alarming data from NASA,2020-09-20
NASA data clearly shows rising emissions,2020-09-27
NASA data clearly shows rising emissions,2020-10-04
This is alarming data from NASA,2020-10-11
This data proves climate change is real,2020-10-18
NASA data clearly shows rising emissions,2020-10-25
This data proves climate change is real,2020-11-01
Climate change is getting worse every year,2020-11-08
We need immediate climate action,2020-11-15
This is alarming data from NASA,2020-11-22
This data proves climate change is real,2020-11-29
Emission levels are scary,2020-12-06
Climate change is getting worse every year,2020-12-13
Why are governments ignoring this?,2020-12-20
We must reduce emissions now,2020-12-27
Emission levels are scary,2021-01-03
We need immediate climate action,2021-01-10
Climate change is getting worse every year,2021-01-17
People still deny climate science,2021-01-24
This data proves climate change is real,2021-01-31
NASA data clearly shows rising emissions,2021-02-07
Emission levels are scary,2021-02-14
This data proves climate change is real,2021-02-21
Climate change is getting worse every year,2021-02-28
Climate change is getting worse every year,2021-03-07
Why are governments ignoring this?,2021-03-14
Emission levels are scary,2021-03-21
Climate change is getting worse every year,2021-03-28
This is alarming data from NASA,2021-04-04
Climate change is getting worse every year,2021-04-11
Emission levels are scary,2021-04-18
We need immediate climate action,2021-04-25
People still deny climate science,2021-05-02
Why are governments ignoring this?,2021-05-09
Emission levels are scary,2021-05-16
Emission levels are scary,2021-05-23
Climate change is getting worse every year,2021-05-30
Emission levels are scary,2021-06-06
Climate change is getting worse every year,2021-06-13
Emission levels are scary,2021-06-20
NASA data clearly shows rising emissions,2021-06-27
Emission levels are scary,2021-07-04
Great work by NASA explaining climate facts,2021-07-11
Why are governments ignoring this?,2021-07-18
Why are governments ignoring this?,2021-07-25
Great work by NASA explaining climate facts,2021-08-01
NASA data clearly shows rising emissions,2021-08-08
Climate change is getting worse every year,2021-08-15
This data proves climate change is real,2021-08-22
We must reduce emissions now,2021-08-29
Great work by NASA explaining climate facts,2021-09-05
Climate change is getting worse every year,2021-09-12
Great work by NASA explaining climate facts,2021-09-19
Climate change is getting worse every year,2021-09-26
Climate change is getting worse every year,2021-10-03
People still deny climate science,2021-10-10
We need immediate climate action,2021-10-17
This data proves climate change is real,2021-10-24
NASA data clearly shows rising emissions,2021-10-31
This data proves climate change is real,2021-11-07
Emission levels are scary,2021-11-14
NASA data clearly shows rising emissions,2021-11-21
Emission levels are scary,2021-11-28
Why are governments ignoring this?,2021-12-05
This data proves climate change is real,2021-12-12
NASA data clearly shows rising emissions,2021-12-19
NASA data clearly shows rising emissions,2021-12-26
We must reduce emissions now,2022-01-02
This data proves climate change is real,2022-01-09
This is alarming data from NASA,2022-01-16
We must reduce emissions now,2022-01-23
Emission levels are scary,2022-01-30
NASA data clearly shows rising emissions,2022-02-06
Emission levels are scary,2022-02-13
Climate change is getting worse every year,2022-02-20
Why are governments ignoring this?,2022-02-27
Emission levels are scary,2022-03-06
Why are governments ignoring this?,2022-03-13
Emission levels are scary,2022-03-20
This is alarming data from NASA,2022-03-27
We must reduce emissions now,2022-04-03
This data proves climate change is real,2022-04-10
Great work by NASA explaining climate facts,2022-04-17
This is alarming data from NASA,2022-04-24
We must reduce emissions now,2022-05-01
People still deny climate science,2022-05-08
Great work by NASA explaining climate facts,2022-05-15
NASA data clearly shows rising emissions,2022-05-22
People still deny climate science,2022-05-29
People still deny climate science,2022-06-05
We need immediate climate action,2022-06-12
This is alarming data from NASA,2022-06-19
Why are governments ignoring this?,2022-06-26
We must reduce emissions now,2022-07-03
We must reduce emissions now,2022-07-10
We must reduce emissions now,2022-07-17
Great work by NASA explaining climate facts,2022-07-24
This data proves climate change is real,2022-07-31
NASA data clearly shows rising emissions,2022-08-07
Climate change is getting worse every year,2022-08-14
NASA data clearly shows rising emissions,2022-08-21
Why are governments ignoring this?,2022-08-28
Emission levels are scary,2022-09-04
Climate change is getting worse every year,2022-09-11
We need immediate climate action,2022-09-18
NASA data clearly shows rising emissions,2022-09-25
We must reduce emissions now,2022-10-02
This is alarming data from NASA,2022-10-09
We need immediate climate action,2022-10-16
Climate change is getting worse every year,2022-10-23
Climate change is getting worse every year,2022-10-30
Why are governments ignoring this?,2022-11-06
This is alarming data from NASA,2022-11-13
Climate change is getting worse every year,2022-11-20
NASA data clearly shows rising emissions,2022-11-27
We need immediate climate action,2022-12-04
This data proves climate change is real,2022-12-11
NASA data clearly shows rising emissions,2022-12-18
This data proves climate change is real,2022-12-25
People still deny climate science,2023-01-01
Great work by NASA explaining climate facts,2023-01-08
Why are governments ignoring this?,2023-01-15
We must reduce emissions now,2023-01-22
We need immediate climate action,2023-01-29
Great work by NASA explaining climate facts,2023-02-05
NASA data clearly shows rising emissions,2023-02-12
Great work by NASA explaining climate facts,2023-02-19
Why are governments ignoring this?,2023-02-26
Emission levels are scary,2023-03-05
Great work by NASA explaining climate facts,2023-03-12
We must reduce emissions now,2023-03-19
We need immediate climate action,2023-03-26
Emission levels are scary,2023-04-02
Emission levels are scary,2023-04-09
Emission levels are scary,2023-04-16
This is alarming data from NASA,2023-04-23
This data proves climate change is real,2023-04-30
NASA data clearly shows rising emissions,2023-05-07
Emission levels are scary,2023-05-14
We must reduce emissions now,2023-05-21
Great work by NASA explaining climate facts,2023-05-28
This data proves climate change is real,2023-06-04
NASA data clearly shows rising emissions,2023-06-11
Great work by NASA explaining climate facts,2023-06-18
Great work by NASA explaining climate facts,2023-06-25
We need immediate climate action,2023-07-02
NASA data clearly shows rising emissions,2023-07-09
This data proves climate change is real,2023-07-16
This is alarming data from NASA,2023-07-23
NASA data clearly shows rising emissions,2023-07-30
We must reduce emissions now,2023-08-06
People still deny climate science,2023-08-13
NASA data clearly shows rising emissions,2023-08-20
NASA data clearly shows rising emissions,2023-08-27
Climate change is getting worse every year,2023-09-03
This data proves climate change is real,2023-09-10
NASA data clearly shows rising emissions,2023-09-17
Emission levels are scary,2023-09-24
This is alarming data from NASA,2023-10-01
People still deny climate science,2023-10-08
Emission levels are scary,2023-10-15
Great work by NASA explaining climate facts,2023-10-22
People still deny climate science,2023-10-29
This is alarming data from NASA,2023-11-05
We must reduce emissions now,2023-11-12
People still deny climate science,2023-11-19
We must reduce emissions now,2023-11-26
People still deny climate science,2023-12-03
Great work by NASA explaining climate facts,2023-12-10
Emission levels are scary,2023-12-17
Climate change is getting worse every year,2023-12-24
This data proves climate change is real,2023-12-31
Climate change is getting worse every year,2024-01-07
We need immediate climate action,2024-01-14
Great work by NASA explaining climate facts,2024-01-21
Climate change is getting worse every year,2024-01-28
Climate change is getting worse every year,2024-02-04
Climate change is getting worse every year,2024-02-11
Why are governments ignoring this?,2024-02-18
Why are governments ignoring this?,2024-02-25
Why are governments ignoring this?,2024-03-03
This is alarming data from NASA,2024-03-10
This data proves climate change is real,2024-03-17
Why are governments ignoring this?,2024-03-24
Why are governments ignoring this?,2024-03-31
This is alarming data from NASA,2024-04-07
We must reduce emissions now,2024-04-14
NASA data clearly shows rising emissions,2024-04-21
NASA data clearly shows rising emissions,2024-04-28
This is alarming data from NASA,2024-05-05
Emission levels are scary,2024-05-12
NASA data clearly shows rising emissions,2024-05-19
We must reduce emissions now,2024-05-26
Emission levels are scary,2024-06-02
People still deny climate science,2024-06-09
Emission levels are scary,2024-06-16
This is alarming data from NASA,2024-06-23
We need immediate climate action,2024-06-30
Great work by NASA explaining climate facts,2024-07-07
People still deny climate science,2024-07-14
People still deny climate science,2024-07-21
NASA data clearly shows rising emissions,2024-07-28
We must reduce emissions now,2024-08-04
People still deny climate science,2024-08-11
Great work by NASA explaining climate facts,2024-08-18
We need immediate climate action,2024-08-25
This data proves climate change is real,2024-09-01
We must reduce emissions now,2024-09-08
Why are governments ignoring this?,2024-09-15
NASA data clearly shows rising emissions,2024-09-22
NASA data clearly shows rising emissions,2024-09-29
NASA data clearly shows rising emissions,2024-10-06
This data proves climate change is real,2024-10-13
We need immediate climate action,2024-10-20
Emission levels are scary,2024-10-27
This data proves climate change is real,2024-11-03
People still deny climate science,2024-11-10
This is alarming data from NASA,2024-11-17
Climate change is getting worse every year,2024-11-24
We need immediate climate action,2024-12-01
Why are governments ignoring this?,2024-12-08
People still deny climate science,2024-12-15
Emission levels are scary,2024-12-22
People still deny climate science,2024-12-29
This is alarming data from NASA,2025-01-05
We need immediate climate action,2025-01-12
People still deny climate science,2025-01-19
NASA data clearly shows rising emissions,2025-01-26
Why are governments ignoring this?,2025-02-02
Climate change is getting worse every year,2025-02-09
This data proves climate change is real,2025-02-16
We need immediate climate action,2025-02-23
This is alarming data from NASA,2025-03-02
We need immediate climate action,2025-03-09
People still deny climate science,2025-03-16
NASA data clearly shows rising emissions,2025-03-23
We must reduce emissions now,2025-03-30
People still deny climate science,2025-04-06
People still deny climate science,2025-04-13
Great work by NASA explaining climate facts,2025-04-20
We need immediate climate action,2025-04-27
This is alarming data from NASA,2025-05-04
We need immediate climate action,2025-05-11
Why are governments ignoring this?,2025-05-18
This data proves climate change is real,2025-05-25
Emission levels are scary,2025-06-01
This data proves climate change is real,2025-06-08
Climate change is getting worse every year,2025-06-15
NASA data clearly shows rising emissions,2025-06-22
NASA data clearly shows rising emissions,2025-06-29
Great work by NASA explaining climate facts,2025-07-06
This data proves climate change is real,2025-07-13
NASA data clearly shows rising emissions,2025-07-20
Great work by NASA explaining climate facts,2025-07-27
Emission levels are scary,2025-08-03
We must reduce emissions now,2025-08-10
NASA data clearly shows rising emissions,2025-08-17
Climate change is getting worse every year,2025-08-24
Climate change is getting worse every year,2025-08-31
Great work by NASA explaining climate facts,2025-09-07
Why are governments ignoring this?,2025-09-14
We must reduce emissions now,2025-09-21
NASA data clearly shows rising emissions,2025-09-28
People still deny climate science,2025-10-05
This data proves climate change is real,2025-10-12
Great work by NASA explaining climate facts,2025-10-19
People still deny climate science,2025-10-26
This is alarming data from NASA,2025-11-02
Why are governments ignoring this?,2025-11-09
Climate change is getting worse every year,2025-11-16
Great work by NASA explaining climate facts,2025-11-23
NASA data clearly shows rising emissions,2025-11-30
Why are governments ignoring this?,2025-12-07
Climate change is getting worse every year,2025-12-14
NASA data clearly shows rising emissions,2025-12-21
We must reduce emissions now,2025-12-28
Climate change is getting worse every year,2026-01-04
We need immediate climate action,2026-01-11
Climate change is getting worse every year,2026-01-18
Climate change is getting worse every year,2026-01-25
This is alarming data from NASA,2026-02-01
Why are governments ignoring this?,2026-02-08
Why are governments ignoring this?,2026-02-15
Why are governments ignoring this?,2026-02-22
This is alarming data from NASA,2026-03-01
Climate change is getting worse every year,2026-03-08
Climate change is getting worse every year,2026-03-15
NASA data clearly shows rising emissions,2026-03-22
This is alarming data from NASA,2026-03-29
Why are governments ignoring this?,2026-04-05
This is alarming data from NASA,2026-04-12
We must reduce emissions now,2026-04-19
We need immediate climate action,2026-04-26
We need immediate climate action,2026-05-03
Great work by NASA explaining climate facts,2026-05-10
Great work by NASA explaining climate facts,2026-05-17
Why are governments ignoring this?,2026-05-24
NASA data clearly shows rising emissions,2026-05-31
We must reduce emissions now,2026-06-07
This is alarming data from NASA,2026-06-14
We need immediate climate action,2026-06-21
This data proves climate change is real,2026-06-28
Great work by NASA explaining climate facts,2026-07-05
Emission levels are scary,2026-07-12
This is alarming data from NASA,2026-07-19
People still deny climate science,2026-07-26
People still deny climate science,2026-08-02
NASA data clearly shows rising emissions,2026-08-09
This is alarming data from NASA,2026-08-16
Emission levels are scary,2026-08-23
We need immediate climate action,2026-08-30
People still deny climate science,2026-09-06
Emission levels are scary,2026-09-13
Great work by NASA explaining climate facts,2026-09-20
Why are governments ignoring this?,2026-09-27
This data proves climate change is real,2026-10-04
This is alarming data from NASA,2026-10-11
This data proves climate change is real,2026-10-18
We must reduce emissions now,2026-10-25
Climate change is getting worse every year,2026-11-01
People still deny climate science,2026-11-08
This is alarming data from NASA,2026-11-15
Great work by NASA explaining climate facts,2026-11-22
Climate change is getting worse every year,2026-11-29
Climate change is getting worse every year,2026-12-06
We need immediate climate action,2026-12-13
Climate change is getting worse every year,2026-12-20
This data proves climate change is real,2026-12-27
People still deny climate science,2027-01-03
We must reduce emissions now,2027-01-10
NASA data clearly shows rising emissions,2027-01-17
This data proves climate change is real,2027-01-24
This data proves climate change is real,2027-01-31
This data proves climate change is real,2027-02-07
People still deny climate science,2027-02-14
We must reduce emissions now,2027-02-21
We need immediate climate action,2027-02-28
This is alarming data from NASA,2027-03-07
Climate change is getting worse every year,2027-03-14
Why are governments ignoring this?,2027-03-21
Emission levels are scary,2027-03-28
Emission levels are scary,2027-04-04
This is alarming data from NASA,2027-04-11
NASA data clearly shows rising emissions,2027-04-18
Why are governments ignoring this?,2027-04-25
We must reduce emissions now,2027-05-02
Why are governments ignoring this?,2027-05-09
Great work by NASA explaining climate facts,2027-05-16
Why are governments ignoring this?,2027-05-23
People still deny climate science,2027-05-30
This data proves climate change is real,2027-06-06
This data proves climate change is real,2027-06-13
People still deny climate science,2027-06-20
People still deny climate science,2027-06-27
We must reduce emissions now,2027-07-04
We must reduce emissions now,2027-07-11
Great work by NASA explaining climate facts,2027-07-18
People still deny climate science,2027-07-25
Great work by NASA explaining climate facts,2027-08-01
Why are governments ignoring this?,2027-08-08
NASA data clearly shows rising emissions,2027-08-15
Great work by NASA explaining climate facts,2027-08-22
People still deny climate science,2027-08-29
Climate change is getting worse every year,2027-09-05
We need immediate climate action,2027-09-12
This is alarming data from NASA,2027-09-19
People still deny climate science,2027-09-26
We must reduce emissions now,2027-10-03
Climate change is getting worse every year,2027-10-10
Climate change is getting worse every year,2027-10-17
Why are governments ignoring this?,2027-10-24
Climate change is getting worse every year,2027-10-31
Great work by NASA explaining climate facts,2027-11-07
This is alarming data from NASA,2027-11-14
This data proves climate change is real,2027-11-21
NASA data clearly shows rising emissions,2027-11-28
Climate change is getting worse every year,2027-12-05
Great work by NASA explaining climate facts,2027-12-12
Emission levels are scary,2027-12-19
Climate change is getting worse every year,2027-12-26
Why are governments ignoring this?,2028-01-02
This data proves climate change is real,2028-01-09
Emission levels are scary,2028-01-16
This data proves climate change is real,2028-01-23
People still deny climate science,2028-01-30
We must reduce emissions now,2028-02-06
We must reduce emissions now,2028-02-13
We must reduce emissions now,2028-02-20
People still deny climate science,2028-02-27
This is alarming data from NASA,2028-03-05
NASA data clearly shows rising emissions,2028-03-12
Why are governments ignoring this?,2028-03-19
This data proves climate change is real,2028-03-26
Why are governments ignoring this?,2028-04-02
We must reduce emissions now,2028-04-09
This is alarming data from NASA,2028-04-16
This is alarming data from NASA,2028-04-23
This data proves climate change is real,2028-04-30
People still deny climate science,2028-05-07
We need immediate climate action,2028-05-14
NASA data clearly shows rising emissions,2028-05-21
People still deny climate science,2028-05-28
Great work by NASA explaining climate facts,2028-06-04
We need immediate climate action,2028-06-11
Why are governments ignoring this?,2028-06-18
This is alarming data from NASA,2028-06-25
Great work by NASA explaining climate facts,2028-07-02
NASA data clearly shows rising emissions,2028-07-09
Emission levels are scary,2028-07-16
Emission levels are scary,2028-07-23
We must reduce emissions now,2028-07-30
Great work by NASA explaining climate facts,2028-08-06
This data proves climate change is real,2028-08-13
People still deny climate science,2028-08-20
NASA data clearly shows rising emissions,2028-08-27
NASA data clearly shows rising emissions,2028-09-03
People still deny climate science,2028-09-10
Why are governments ignoring this?,2028-09-17
This data proves climate change is real,2028-09-24
Why are governments ignoring this?,2028-10-01
This is alarming data from NASA,2028-10-08
This is alarming data from NASA,2028-10-15
Great work by NASA explaining climate facts,2028-10-22
NASA data clearly shows rising emissions,2028-10-29
Climate change is getting worse every year,2028-11-05
Climate change is getting worse every year,2028-11-12
Climate change is getting worse every year,2028-11-19
People still deny climate science,2028-11-26
NASA data clearly shows rising emissions,2028-12-03
Climate change is getting worse every year,2028-12-10
This is alarming data from NASA,2028-12-17
This is alarming data from NASA,2028-12-24
People still deny climate science,2028-12-31
Great work by NASA explaining climate facts,2029-01-07
Emission levels are scary,2029-01-14
NASA data clearly shows rising emissions,2029-01-21
This data proves climate change is real,2029-01-28
NASA data clearly shows rising emissions,2029-02-04
People still deny climate science,2029-02-11
Emission levels are scary,2029-02-18
We must reduce emissions now,2029-02-25
Climate change is getting worse every year,2029-03-04
Emission levels are scary,2029-03-11
We need immediate climate action,2029-03-18
This is alarming data from NASA,2029-03-25
Great work by NASA explaining climate facts,2029-04-01
NASA data clearly shows rising emissions,2029-04-08
This is alarming data from NASA,2029-04-15
We need immediate climate action,2029-04-22
This is alarming data from NASA,2029-04-29
Great work by NASA explaining climate facts,2029-05-06
Climate change is getting worse every year,2029-05-13
Climate change is getting worse every year,2029-05-20
This data proves climate change is real,2029-05-27
Climate change is getting worse every year,2029-06-03
Climate change is getting worse every year,2029-06-10
Why are governments ignoring this?,2029-06-17
Great work by NASA explaining climate facts,2029-06-24
Why are governments ignoring this?,2029-07-01
We must reduce emissions now,2029-07-08
NASA data clearly shows rising emissions,2029-07-15
NASA data clearly shows rising emissions,2029-07-22
Great work by NASA explaining climate facts,2029-07-29
Why are governments ignoring this?,2029-08-05
Great work by NASA explaining climate facts,2029-08-12
We must reduce emissions now,2029-08-19
Great work by NASA explaining climate facts,2029-08-26
This is alarming data from NASA,2029-09-02
We need immediate climate action,2029-09-09
Why are governments ignoring this?,2029-09-16
Great work by NASA explaining climate facts,2029-09-23
Great work by NASA explaining climate facts,2029-09-30
We need immediate climate action,2029-10-07
We must reduce emissions now,2029-10-14
Great work by NASA explaining climate facts,2029-10-21
NASA data clearly shows rising emissions,2029-10-28
Great work by NASA explaining climate facts,2029-11-04
Emission levels are scary,2029-11-11
Climate change is getting worse every year,2029-11-18
People still deny climate science,2029-11-25
We must reduce emissions now,2029-12-02
We must reduce emissions now,2029-12-09
We need immediate climate action,2029-12-16
People still deny climate science,2029-12-23
We need immediate climate action,2029-12-30
Emission levels are scary,2030-01-06
People still deny climate science,2030-01-13
Great work by NASA explaining climate facts,2030-01-20
NASA data clearly shows rising emissions,2030-01-27
This data proves climate change is real,2030-02-03
Climate change is getting worse every year,2030-02-10
Emission levels are scary,2030-02-17
We must reduce emissions now,2030-02-24
This is alarming data from NASA,2030-03-03
Great work by NASA explaining climate facts,2030-03-10
Why are governments ignoring this?,2030-03-17
We must reduce emissions now,2030-03-24
Emission levels are scary,2030-03-31
Great work by NASA explaining climate facts,2030-04-07
Why are governments ignoring this?,2030-04-14
Climate change is getting worse every year,2030-04-21
Great work by NASA explaining climate facts,2030-04-28
People still deny climate science,2030-05-05
Emission levels are scary,2030-05-12
Climate change is getting worse every year,2030-05-19
We need immediate climate action,2030-05-26
Emission levels are scary,2030-06-02
People still deny climate science,2030-06-09
We must reduce emissions now,2030-06-16
Why are governments ignoring this?,2030-06-23
We need immediate climate action,2030-06-30
We must reduce emissions now,2030-07-07
We must reduce emissions now,2030-07-14
This is alarming data from NASA,2030-07-21
We must reduce emissions now,2030-07-28
Climate change is getting worse every year,2030-08-04
NASA data clearly shows rising emissions,2030-08-11
This data proves climate change is real,2030-08-18
People still deny climate science,2030-08-25
We must reduce emissions now,2030-09-01
Climate change is getting worse every year,2030-09-08
People still deny climate science,2030-09-15
We need immediate climate action,2030-09-22
This is alarming data from NASA,2030-09-29
Emission levels are scary,2030-10-06
We need immediate climate action,2030-10-13
This data proves climate change is real,2030-10-20
We must reduce emissions now,2030-10-27
NASA data clearly shows rising emissions,2030-11-03
Why are governments ignoring this?,2030-11-10
This data proves climate change is real,2030-11-17
We need immediate climate action,2030-11-24
Climate change is getting worse every year,2030-12-01
NASA data clearly shows rising emissions,2030-12-08
People still deny climate science,2030-12-15
We need immediate climate action,2030-12-22
This is alarming data from NASA,2030-12-29
Great work by NASA explaining climate facts,2031-01-05
Emission levels are scary,2031-01-12
We must reduce emissions now,2031-01-19
This data proves climate change is real,2031-01-26
This is alarming data from NASA,2031-02-02
We must reduce emissions now,2031-02-09
Climate change is getting worse every year,2031-02-16
Emission levels are scary,2031-02-23
NASA data clearly shows rising emissions,2031-03-02
NASA data clearly shows rising emissions,2031-03-09
We need immediate climate action,2031-03-16
Great work by NASA explaining climate facts,2031-03-23
NASA data clearly shows rising emissions,2031-03-30
Emission levels are scary,2031-04-06
Why are governments ignoring this?,2031-04-13
People still deny climate science,2031-04-20
We must reduce emissions now,2031-04-27
People still deny climate science,2031-05-04
NASA data clearly shows rising emissions,2031-05-11
We must reduce emissions now,2031-05-18
We need immediate climate action,2031-05-25
We must reduce emissions now,2031-06-01
This is alarming data from NASA,2031-06-08
We must reduce emissions now,2031-06-15
Great work by NASA explaining climate facts,2031-06-22
Climate change is getting worse every year,2031-06-29
People still deny climate science,2031-07-06
Great work by NASA explaining climate facts,2031-07-13
This data proves climate change is real,2031-07-20
People still deny climate science,2031-07-27
People still deny climate science,2031-08-03
This data proves climate change is real,2031-08-10
Why are governments ignoring this?,2031-08-17
Great work by NASA explaining climate facts,2031-08-24
This data proves climate change is real,2031-08-31
People still deny climate science,2031-09-07
Great work by NASA explaining climate facts,2031-09-14
Climate change is getting worse every year,2031-09-21
We need immediate climate action,2031-09-28
We must reduce emissions now,2031-10-05
We must reduce emissions now,2031-10-12
Great work by NASA explaining climate facts,2031-10-19
People still deny climate science,2031-10-26
Great work by NASA explaining climate facts,2031-11-02
NASA data clearly shows rising emissions,2031-11-09
We need immediate climate action,2031-11-16
Why are governments ignoring this?,2031-11-23
Climate change is getting worse every year,2031-11-30
Great work by NASA explaining climate facts,2031-12-07
This is alarming data from NASA,2031-12-14
Climate change is getting worse every year,2031-12-21
Climate change is getting worse every year,2031-12-28
This is alarming data from NASA,2032-01-04
Emission levels are scary,2032-01-11
Emission levels are scary,2032-01-18
Climate change is getting worse every year,2032-01-25
We must reduce emissions now,2032-02-01
We must reduce emissions now,2032-02-08
We must reduce emissions now,2032-02-15
NASA data clearly shows rising emissions,2032-02-22
NASA data clearly shows rising emissions,2032-02-29
We must reduce emissions now,2032-03-07
This data proves climate change is real,2032-03-14
People still deny climate science,2032-03-21
This data proves climate change is real,2032-03-28
We must reduce emissions now,2032-04-04
We must reduce emissions now,2032-04-11
This data proves climate change is real,2032-04-18
Great work by NASA explaining climate facts,2032-04-25
This data proves climate change is real,2032-05-02
We need immediate climate action,2032-05-09
We must reduce emissions now,2032-05-16
NASA data clearly shows rising emissions,2032-05-23
We must reduce emissions now,2032-05-30
Emission levels are scary,2032-06-06
We need immediate climate action,2032-06-13
This is alarming data from NASA,2032-06-20
We must reduce emissions now,2032-06-27
NASA data clearly shows rising emissions,2032-07-04
We need immediate climate action,2032-07-11
People still deny climate science,2032-07-18
Emission levels are scary,2032-07-25
NASA data clearly shows rising emissions,2032-08-01
We need immediate climate action,2032-08-08
This data proves climate change is real,2032-08-15
This is alarming data from NASA,2032-08-22
Great work by NASA explaining climate facts,2032-08-29
This data proves climate change is real,2032-09-05
Why are governments ignoring this?,2032-09-12
We need immediate climate action,2032-09-19
Great work by NASA explaining climate facts,2032-09-26
NASA data clearly shows rising emissions,2032-10-03
Emission levels are scary,2032-10-10
People still deny climate science,2032-10-17
Emission levels are scary,2032-10-24
This is alarming data from NASA,2032-10-31
We must reduce emissions now,2032-11-07
This data proves climate change is real,2032-11-14
NASA data clearly shows rising emissions,2032-11-21
Climate change is getting worse every year,2032-11-28
We must reduce emissions now,2032-12-05
We need immediate climate action,2032-12-12
This data proves climate change is real,2032-12-19
Climate change is getting worse every year,2032-12-26
Climate change is getting worse every year,2033-01-02
We must reduce emissions now,2033-01-09
NASA data clearly shows rising emissions,2033-01-16
This is alarming data from NASA,2033-01-23
We need immediate climate action,2033-01-30
Why are governments ignoring this?,2033-02-06
People still deny climate science,2033-02-13
NASA data clearly shows rising emissions,2033-02-20
Emission levels are scary,2033-02-27
Why are governments ignoring this?,2033-03-06
Emission levels are scary,2033-03-13
NASA data clearly shows rising emissions,2033-03-20
Emission levels are scary,2033-03-27
This data proves climate change is real,2033-04-03
This is alarming data from NASA,2033-04-10
Emission levels are scary,2033-04-17
Great work by NASA explaining climate facts,2033-04-24
Why are governments ignoring this?,2033-05-01
This data proves climate change is real,2033-05-08
Emission levels are scary,2033-05-15
Emission levels are scary,2033-05-22
We need immediate climate action,2033-05-29
Emission levels are scary,2033-06-05
Climate change is getting worse every year,2033-06-12
People still deny climate science,2033-06-19
This is alarming data from NASA,2033-06-26
People still deny climate science,2033-07-03
NASA data clearly shows rising emissions,2033-07-10
This is alarming data from NASA,2033-07-17
We must reduce emissions now,2033-07-24
Emission levels are scary,2033-07-31
We must reduce emissions now,2033-08-07
We must reduce emissions now,2033-08-14
We must reduce emissions now,2033-08-21
We need immediate climate action,2033-08-28
We must reduce emissions now,2033-09-04
Why are governments ignoring this?,2033-09-11
This is alarming data from NASA,2033-09-18
Great work by NASA explaining climate facts,2033-09-25
Emission levels are scary,2033-10-02
Climate change is getting worse every year,2033-10-09
We need immediate climate action,2033-10-16
Emission levels are scary,2033-10-23
Climate change is getting worse every year,2033-10-30
This is alarming data from NASA,2033-11-06
Emission levels are scary,2033-11-13
Why are governments ignoring this?,2033-11-20
This is alarming data from NASA,2033-11-27
We must reduce emissions now,2033-12-04
People still deny climate science,2033-12-11
People still deny climate science,2033-12-18
Climate change is getting worse every year,2033-12-25
Why are governments ignoring this?,2034-01-01
We need immediate climate action,2034-01-08
We must reduce emissions now,2034-01-15
Why are governments ignoring this?,2034-01-22
Great work by NASA explaining climate facts,2034-01-29
This data proves climate change is real,2034-02-05
This is alarming data from NASA,2034-02-12
This data proves climate change is real,2034-02-19
This data proves climate change is real,2034-02-26
We need immediate climate action,2034-03-05
Why are governments ignoring this?,2034-03-12
NASA data clearly shows rising emissions,2034-03-19
NASA data clearly shows rising emissions,2034-03-26
Climate change is getting worse every year,2034-04-02
NASA data clearly shows rising emissions,2034-04-09
People still deny climate science,2034-04-16
Great work by NASA explaining climate facts,2034-04-23
We need immediate climate action,2034-04-30
Great work by NASA explaining climate facts,2034-05-07
NASA data clearly shows rising emissions,2034-05-14
Emission levels are scary,2034-05-21
Great work by NASA explaining climate facts,2034-05-28
NASA data clearly shows rising emissions,2034-06-04
Emission levels are scary,2034-06-11
We need immediate climate action,2034-06-18
Why are governments ignoring this?,2034-06-25
People still deny climate science,2034-07-02
NASA data clearly shows rising emissions,2034-07-09
This is alarming data from NASA,2034-07-16
This data proves climate change is real,2034-07-23
Why are governments ignoring this?,2034-07-30
NASA data clearly shows rising emissions,2034-08-06
Emission levels are scary,2034-08-13
Climate change is getting worse every year,2034-08-20
We need immediate climate action,2034-08-27
We need immediate climate action,2034-09-03
People still deny climate science,2034-09-10
Climate change is getting worse every year,2034-09-17
Why are governments ignoring this?,2034-09-24
Climate change is getting worse every year,2034-10-01
Great work by NASA explaining climate facts,2034-10-08
Emission levels are scary,2034-10-15
This is alarming data from NASA,2034-10-22
We need immediate climate action,2034-10-29
Great work by NASA explaining climate facts,2034-11-05
This data proves climate change is real,2034-11-12
Why are governments ignoring this?,2034-11-19
We need immediate climate action,2034-11-26
We need immediate climate action,2034-12-03
Why are governments ignoring this?,2034-12-10
NASA data clearly shows rising emissions,2034-12-17
Why are governments ignoring this?,2034-12-24
We need immediate climate action,2034-12-31
This data proves climate change is real,2035-01-07
We need immediate climate action,2035-01-14
This is alarming data from NASA,2035-01-21
Why are governments ignoring this?,2035-01-28
This data proves climate change is real,2035-02-04
Climate change is getting worse every year,2035-02-11
We must reduce emissions now,2035-02-18
Great work by NASA explaining climate facts,2035-02-25
Climate change is getting worse every year,2035-03-04
We need immediate climate action,2035-03-11
NASA data clearly shows rising emissions,2035-03-18
People still deny climate science,2035-03-25
We must reduce emissions now,2035-04-01
We must reduce emissions now,2035-04-08
People still deny climate science,2035-04-15
This data proves climate change is real,2035-04-22
Climate change is getting worse every year,2035-04-29
